[
 {
  "hid":1,
  "sid":"control_hibrido",
  "esid":"",
  "parent":0,
  "children":[
   2,
   3,
   4,
   5,
   6
  ],
  "name":"control_hibrido",
  "fullname":"control_hibrido",
  "label":"control_hibrido",
  "icon":"control_hibrido0",
  "svg":"support/slwebview_files/control_hibrido_d.svg",
  "thumbnail":"support/slwebview_files/control_hibrido_d.png",
  "backingUrl":"support/slwebview_files/control_hibrido_d.json",
  "elements":[
   ":124",
   ":125",
   ":241",
   ":123",
   ":74",
   ":71",
   ":46",
   ":45",
   ":73",
   ":72",
   ":66",
   ":65",
   ":69",
   ":52",
   ":67",
   ":70",
   ":39",
   ":47",
   ":48",
   ":49",
   ":80",
   ":2",
   ":32",
   ":68",
   ":50",
   ":11",
   ":10",
   ":25",
   ":27",
   ":16",
   ":51",
   ":17",
   ":18",
   ":12",
   ":121",
   ":19",
   ":20",
   ":120",
   ":21",
   ":22",
   ":75",
   ":76",
   ":77",
   ":78",
   ":30",
   ":23",
   ":13",
   ":14",
   ":15",
   ":31",
   ":9",
   ":24",
   ":26",
   ":29",
   ":172",
   ":195",
   ":197",
   ":198",
   ":147",
   ":141",
   ":171",
   ":170",
   ":193",
   ":149",
   ":192",
   ":174",
   ":137",
   ":139",
   ":175",
   ":140",
   ":142",
   ":134",
   ":153",
   ":154",
   ":135",
   ":151",
   ":155",
   ":148",
   ":156",
   ":173",
   ":244",
   ":245",
   ":246",
   ":247",
   ":248",
   ":251",
   ":250",
   ":252",
   ":19#out:1",
   ":14#out:1",
   ":9#out:1",
   ":45#out:1",
   ":49#out:1",
   ":2#out:1",
   ":21#out:1",
   ":48#out:1",
   ":67#out:3",
   ":39#out:1",
   ":16#out:1",
   ":66#out:1",
   ":12#out:1",
   ":20#out:1",
   ":80#out:1",
   ":18#out:1",
   ":46#out:1",
   ":65#out:1",
   ":10#out:1",
   ":52#out:1",
   ":73#out:1",
   ":47#out:1",
   ":50#out:1",
   ":32#out:1",
   ":22#out:1",
   ":9#out:2",
   ":51#out:1",
   ":10#out:2",
   ":17#out:1",
   ":15#out:1",
   ":67#out:1",
   ":70#out:1",
   ":67#out:2",
   ":69#out:1",
   ":13#out:1",
   ":71#out:1",
   ":11#out:1",
   ":23#out:1",
   ":172#out:1",
   ":140#out:1",
   ":134#out:1",
   ":135#out:2",
   ":137#out:1",
   ":148#out:1",
   ":134#out:2",
   ":175#out:1",
   ":174#out:1",
   ":135#out:1",
   ":147#out:1",
   ":195#out:1",
   ":141#out:1",
   ":173#out:1",
   ":139#out:1",
   ":142#out:1",
   ":171#out:1",
   ":170#out:1",
   ":245#out:1",
   ":193#out:1",
   ":247#out:1",
   ":72#out:1",
   ":246#out:1",
   ":252#out:1",
   ":250#out:1",
   ":251#out:1",
   ":248#out:1"
  ],
  "sameAsElement":false
 },
 {
  "hid":2,
  "sid":"control_hibrido:2",
  "esid":"control_hibrido:2",
  "parent":1,
  "children":[
  ],
  "name":"Cin",
  "fullname":"control_hibrido/Cin",
  "label":"Cin",
  "icon":"control_hibrido4",
  "svg":"support/slwebview_files/control_hibrido_2_d.svg",
  "thumbnail":"support/slwebview_files/control_hibrido_2_d.png",
  "backingUrl":"support/slwebview_files/control_hibrido_2_d.json",
  "elements":[
   ":7",
   ":5",
   ":4",
   ":6",
   ":3",
   ":8",
   ":5#out:3",
   ":7#out:1",
   ":4#out:1",
   ":5#out:2",
   ":5#out:1",
   ":3#out:1"
  ],
  "sameAsElement":true
 },
 {
  "hid":3,
  "sid":"control_hibrido:32",
  "esid":"control_hibrido:32",
  "parent":1,
  "children":[
  ],
  "name":"J",
  "fullname":"control_hibrido/J",
  "label":"J",
  "icon":"control_hibrido4",
  "svg":"support/slwebview_files/control_hibrido_32_d.svg",
  "thumbnail":"support/slwebview_files/control_hibrido_32_d.png",
  "backingUrl":"support/slwebview_files/control_hibrido_32_d.json",
  "elements":[
   ":37",
   ":36",
   ":35",
   ":34",
   ":33",
   ":38",
   ":37#out:1",
   ":36#out:1",
   ":35#out:1",
   ":33#out:1",
   ":34#out:1"
  ],
  "sameAsElement":true
 },
 {
  "hid":4,
  "sid":"control_hibrido:39",
  "esid":"control_hibrido:39",
  "parent":1,
  "children":[
  ],
  "name":"JT",
  "fullname":"control_hibrido/JT",
  "label":"JT",
  "icon":"control_hibrido4",
  "svg":"support/slwebview_files/control_hibrido_39_d.svg",
  "thumbnail":"support/slwebview_files/control_hibrido_39_d.png",
  "backingUrl":"support/slwebview_files/control_hibrido_39_d.json",
  "elements":[
   ":44",
   ":40",
   ":43",
   ":42",
   ":41",
   ":40#out:1",
   ":43#out:1",
   ":42#out:1",
   ":41#out:1"
  ],
  "sameAsElement":true
 },
 {
  "hid":5,
  "sid":"control_hibrido:52",
  "esid":"control_hibrido:52",
  "parent":1,
  "children":[
  ],
  "name":"Mx",
  "fullname":"control_hibrido/Mx",
  "label":"Mx",
  "icon":"control_hibrido4",
  "svg":"support/slwebview_files/control_hibrido_52_d.svg",
  "thumbnail":"support/slwebview_files/control_hibrido_52_d.png",
  "backingUrl":"support/slwebview_files/control_hibrido_52_d.json",
  "elements":[
   ":63",
   ":53",
   ":60",
   ":61",
   ":62",
   ":58",
   ":59",
   ":54",
   ":55",
   ":56",
   ":57",
   ":53#out:1",
   ":62#out:1",
   ":55#out:1",
   ":58#out:1",
   ":60#out:1",
   ":61#out:1",
   ":59#out:1",
   ":54#out:1",
   ":57#out:1",
   ":56#out:1"
  ],
  "sameAsElement":true
 },
 {
  "hid":6,
  "sid":"control_hibrido:80",
  "esid":"control_hibrido:80",
  "parent":1,
  "children":[
   7,
   8
  ],
  "name":"Vx + Gx",
  "fullname":"control_hibrido/Vx + Gx",
  "label":"Vx + Gx",
  "icon":"control_hibrido4",
  "svg":"support/slwebview_files/control_hibrido_80_d.svg",
  "thumbnail":"support/slwebview_files/control_hibrido_80_d.png",
  "backingUrl":"support/slwebview_files/control_hibrido_80_d.json",
  "elements":[
   ":93",
   ":83",
   ":94",
   ":81",
   ":82",
   ":119",
   ":83#out:1",
   ":94#out:1",
   ":93#out:1",
   ":82#out:1",
   ":81#out:1"
  ],
  "sameAsElement":true
 },
 {
  "hid":7,
  "sid":"control_hibrido:83",
  "esid":"control_hibrido:83",
  "parent":6,
  "children":[
  ],
  "name":"Gx",
  "fullname":"control_hibrido/Vx + Gx/Gx",
  "label":"Gx",
  "icon":"control_hibrido4",
  "svg":"support/slwebview_files/control_hibrido_83_d.svg",
  "thumbnail":"support/slwebview_files/control_hibrido_83_d.png",
  "backingUrl":"support/slwebview_files/control_hibrido_83_d.json",
  "elements":[
   ":92",
   ":84",
   ":90",
   ":91",
   ":87",
   ":85",
   ":89",
   ":88",
   ":86",
   ":84#out:1",
   ":87#out:1",
   ":90#out:1",
   ":91#out:1",
   ":85#out:1",
   ":89#out:1",
   ":86#out:1",
   ":88#out:1"
  ],
  "sameAsElement":true
 },
 {
  "hid":8,
  "sid":"control_hibrido:94",
  "esid":"control_hibrido:94",
  "parent":6,
  "children":[
   9
  ],
  "name":"Vx",
  "fullname":"control_hibrido/Vx + Gx/Vx",
  "label":"Vx",
  "icon":"control_hibrido4",
  "svg":"support/slwebview_files/control_hibrido_94_d.svg",
  "thumbnail":"support/slwebview_files/control_hibrido_94_d.png",
  "backingUrl":"support/slwebview_files/control_hibrido_94_d.json",
  "elements":[
   ":118",
   ":95",
   ":96",
   ":115",
   ":103",
   ":98",
   ":113",
   ":116",
   ":99",
   ":97",
   ":117",
   ":100",
   ":114",
   ":104",
   ":112",
   ":101",
   ":102",
   ":105",
   ":101#out:1",
   ":98#out:1",
   ":115#out:1",
   ":112#out:1",
   ":95#out:1",
   ":116#out:1",
   ":99#out:1",
   ":117#out:1",
   ":100#out:1",
   ":114#out:1",
   ":102#out:1",
   ":97#out:1",
   ":96#out:1",
   ":104#out:1",
   ":105#out:1",
   ":113#out:1",
   ":103#out:1"
  ],
  "sameAsElement":true
 },
 {
  "hid":9,
  "sid":"control_hibrido:105",
  "esid":"control_hibrido:105",
  "parent":8,
  "children":[
  ],
  "name":"Subsystem",
  "fullname":"control_hibrido/Vx + Gx/Vx/Subsystem",
  "label":"Subsystem",
  "icon":"control_hibrido4",
  "svg":"support/slwebview_files/control_hibrido_105_d.svg",
  "thumbnail":"support/slwebview_files/control_hibrido_105_d.png",
  "backingUrl":"support/slwebview_files/control_hibrido_105_d.json",
  "elements":[
   ":111",
   ":106",
   ":107",
   ":108",
   ":110",
   ":109",
   ":110#out:1",
   ":108#out:1",
   ":109#out:1",
   ":106#out:1",
   ":107#out:1"
  ],
  "sameAsElement":true
 }
]