{
 "baseUrl":"support/slwebview_files",
 "homeHid":1,
 "initialElement":"",
 "sections":[
  {
   "hid":1,
   "sid":"control_hibrido",
   "name":"control_hibrido",
   "fullname":"control_hibrido",
   "label":"control_hibrido",
   "parent":0,
   "descendants":[
    2,
    3,
    4,
    5,
    6,
    7,
    8,
    9
   ],
   "hierarchyUrl":"support/slwebview_files/control_hibrido_h_1.json",
   "backingUrl":"support/slwebview_files/control_hibrido_m.json"
  }
 ],
 "optViews":[
 ],
 "display":{
  "informer":false
 },
 "iconsUrl":"support/slwebview_files/control_hibrido_icons.css"
}